{"cameraMode":{"drawMode":0,"name":"Shaded","section":"Shading Mode"},"sceneLighting":true,"audioPlay":false,"sceneViewState":{"m_AlwaysRefresh":false,"showFog":true,"showSkybox":true,"showFlares":true,"showImageEffects":true,"showParticleSystems":true,"showVisualEffectGraphs":true,"m_FxEnabled":true},"in2DMode":false,"pivot":{"x":334.0518798828125,"y":1045.0711669921875,"z":30.67138671875},"rotation":{"x":-0.01830163411796093,"y":0.027589162811636926,"z":-0.0005051989573985338,"w":-0.9994546175003052},"size":1325.7017822265625,"orthographic":false}